attributes,s_loadings
2,0.5327834237544667
4,0.49445420563961995
6,0.48012076339750054
3,0.4667225945677857
5,0.4648947165468838
1,0.3072713927987262
0,0.2537529032950202
