attributes,s_loadings
2,0.5346831357396316
5,0.5138773020909515
4,0.4891606407611404
3,0.4733372754155887
6,0.4605277056149137
1,0.3502275953656816
0,0.17818634501209143
